2017 Seminar Lunch and Learn: 2016-17 (001),711,5,6,Service Learning Academy,Summer,1,1,0,0,0,0,0,0,2,0,6001 Dodge St,United States of America,Omaha,NE,68182,9,41.25789,-96.01074
2017 Seminar Lunch and Learn: 2016-17 (002),710,5,6,Service Learning Academy,Summer,1,1,0,0,0,0,0,0,2,0,6001 Dodge St,United States of America,Omaha,NE,68182,9,41.25789,-96.01074
2017 Seminar Lunch and Learn: 2016-17 (003),709,5,6,Service Learning Academy,Summer,1,1,0,0,0,0,0,0,2,0,6001 Dodge St,United States of America,Omaha,NE,68182,9,41.25789,-96.01074
2017 Seminar Lunch and Learn: 2016-17 (004),708,5,6,Service Learning Academy,Summer,1,1,0,0,0,0,0,0,2,0,6001 Dodge St,United States of America,Omaha,NE,68182,9,41.25789,-96.01074
2017 Seminar Lunch and Learn: 2016-17 (005),707,5,6,Service Learning Academy,Summer,1,1,0,0,0,0,0,0,2,0,6001 Dodge St,United States of America,Omaha,NE,68182,9,41.25789,-96.01074
2017 Seminar Lunch and Learn: 2016-17 (006),706,5,6,Service Learning Academy,Summer,1,1,0,0,0,0,0,0,2,0,6001 Dodge St,United States of America,Omaha,NE,68182,9,41.25789,-96.01074
2017 Seminar Nonprofit Fair: 2016-17,705,5,6,Service Learning Academy,Summer,1,1,0,0,0,0,0,0,2,0,6001 Dodge St,United States of America,Omaha,NE,68182,9,41.25789,-96.01074
2017 Seminar Service Site: 2016-17 (001),704,5,6,Service Learning Academy,Summer,1,1,0,0,0,0,0,0,2,0,6001 Dodge St,United States of America,Omaha,NE,68182,9,41.25789,-96.01074
2017 Seminar Service Site: 2016-17 (002),703,5,6,Service Learning Academy,Summer,1,1,0,0,0,0,0,0,2,0,6001 Dodge St,United States of America,Omaha,NE,68182,9,41.25789,-96.01074
2017 Seminar Service Site: 2016-17 (003),702,5,6,Service Learning Academy,Summer,1,1,0,0,0,0,0,0,2,0,6001 Dodge St,United States of America,Omaha,NE,68182,9,41.25789,-96.01074
2017 Seminar Service Site: 2016-17 (004),701,5,6,Service Learning Academy,Summer,1,1,0,0,0,0,0,0,2,0,6001 Dodge St,United States of America,Omaha,NE,68182,9,41.25789,-96.01074
2017 Seminar Service Site: 2016-17 (005),700,5,6,Service Learning Academy,Summer,1,1,0,0,0,0,0,0,2,0,6001 Dodge St,United States of America,Omaha,NE,68182,9,41.25789,-96.01074
2018 Seminar Nonprofit Fair: 2016-17,698,5,6,Service Learning Academy,Summer,1,1,0,0,0,0,0,0,2,0,6001 Dodge St,United States of America,Omaha,NE,68182,9,41.25789,-96.01074
2019 Seminar Nonprofit Fair: 2016-17,697,5,6,Service Learning Academy,Summer,1,1,0,0,0,0,0,0,2,0,6001 Dodge St,United States of America,Omaha,NE,68182,9,41.25789,-96.01074
2020 Seminar Nonprofit Fair: 2016-17,696,5,6,Service Learning Academy,Summer,1,1,0,0,0,0,0,0,2,0,6001 Dodge St,United States of America,Omaha,NE,68182,9,41.25789,-96.01074
2022 Seminar Nonprofit Fair: 2016-17,695,5,6,Service Learning Academy,Summer,1,1,0,0,0,0,0,0,2,0,6001 Dodge St,United States of America,Omaha,NE,68182,9,41.25789,-96.01074
2024 Seminar Nonprofit Fair: 2016-17,693,5,6,Service Learning Academy,Summer,1,1,0,0,0,0,0,0,2,0,6001 Dodge St,United States of America,Omaha,NE,68182,9,41.25789,-96.01074
2025 Seminar Nonprofit Fair: 2016-17,692,5,6,Service Learning Academy,Summer,1,1,0,0,0,0,0,0,2,0,6001 Dodge St,United States of America,Omaha,NE,68182,9,41.25789,-96.01074
2026 Seminar Nonprofit Fair: 2016-17,691,5,6,Service Learning Academy,Summer,1,1,0,0,0,0,0,0,2,0,6001 Dodge St,United States of America,Omaha,NE,68182,9,41.25789,-96.01074
2027 Seminar Nonprofit Fair: 2016-17,690,5,6,Service Learning Academy,Summer,1,1,0,0,0,0,0,0,2,0,6001 Dodge St,United States of America,Omaha,NE,68182,9,41.25789,-96.01074
2028 Seminar Nonprofit Fair: 2016-17,689,5,6,Service Learning Academy,Summer,1,1,0,0,0,0,0,0,2,0,6001 Dodge St,United States of America,Omaha,NE,68182,9,41.25789,-96.01074
2029 Seminar Nonprofit Fair: 2016-17,688,5,6,Service Learning Academy,Summer,1,1,0,0,0,0,0,0,2,0,6001 Dodge St,United States of America,Omaha,NE,68182,9,41.25789,-96.01074
2030 Seminar Nonprofit Fair: 2016-17,687,5,6,Service Learning Academy,Summer,1,1,0,0,0,0,0,0,2,0,6001 Dodge St,United States of America,Omaha,NE,68182,9,41.25789,-96.01074
2031 Seminar Nonprofit Fair: 2016-17,686,5,6,Service Learning Academy,Summer,1,1,0,0,0,0,0,0,2,0,6001 Dodge St,United States of America,Omaha,NE,68182,9,41.25789,-96.01074
2032 Seminar Nonprofit Fair: 2016-17,685,5,6,Service Learning Academy,Summer,1,1,0,0,0,0,0,0,2,0,6001 Dodge St,United States of America,Omaha,NE,68182,9,41.25789,-96.01074
2033 Seminar Nonprofit Fair: 2016-17,684,5,6,Service Learning Academy,Summer,1,1,0,0,0,0,0,0,2,0,6001 Dodge St,United States of America,Omaha,NE,68182,9,41.25789,-96.01074
2035 Seminar Nonprofit Fair: 2016-17,682,5,6,Service Learning Academy,Summer,1,1,0,0,0,0,0,0,2,0,6001 Dodge St,United States of America,Omaha,NE,68182,9,41.25789,-96.01074
2036 Seminar Nonprofit Fair: 2016-17,681,5,6,Service Learning Academy,Summer,1,1,0,0,0,0,0,0,2,0,6001 Dodge St,United States of America,Omaha,NE,68182,9,41.25789,-96.01074
2037 Seminar Nonprofit Fair: 2016-17,680,5,6,Service Learning Academy,Summer,1,1,0,0,0,0,0,0,2,0,6001 Dodge St,United States of America,Omaha,NE,68182,9,41.25789,-96.01074
2038 Seminar Nonprofit Fair: 2016-17,679,5,6,Service Learning Academy,Summer,1,1,0,0,0,0,0,0,2,0,6001 Dodge St,United States of America,Omaha,NE,68182,9,41.25789,-96.01074
2039 Seminar Nonprofit Fair: 2016-17,678,5,6,Service Learning Academy,Summer,1,1,0,0,0,0,0,0,2,0,6001 Dodge St,United States of America,Omaha,NE,68182,9,41.25789,-96.01074
2040 Seminar Nonprofit Fair: 2016-17,677,5,6,Service Learning Academy,Summer,1,3,0,0,0,0,0,0,2,0,6001 Dodge St,United States of America,Omaha,NE,68182,9,41.25789,-96.01074
2041 Seminar Nonprofit Fair: 2016-17,676,5,6,Service Learning Academy,Summer,1,3,0,0,0,0,0,0,2,0,6001 Dodge St,United States of America,Omaha,NE,68182,9,41.25789,-96.01074
2042 Seminar Nonprofit Fair: 2016-17,675,5,6,Service Learning Academy,Summer,1,3,0,0,0,0,0,0,2,0,6001 Dodge St,United States of America,Omaha,NE,68182,9,41.25789,-96.01074
2043 Seminar Nonprofit Fair: 2016-17,674,5,6,Service Learning Academy,Summer,1,3,0,0,0,0,0,0,2,0,6001 Dodge St,United States of America,Omaha,NE,68182,9,41.25789,-96.01074
2044 Seminar Nonprofit Fair: 2016-17,673,5,6,Service Learning Academy,Summer,1,3,0,0,0,0,0,0,2,0,6001 Dodge St,United States of America,Omaha,NE,68182,9,41.25789,-96.01074
Adopt a Classroom: 2016-17 (001),639,5,6,Service Learning Academy,Fall,1,3,16,56,40,40,0,0,2,0,6001 Dodge St,United States of America,Omaha,NE,68182,9,41.25789,-96.01074
Adopt a Classroom: 2016-17 (002),638,5,6,Service Learning Academy,Spring,1,3,16,56,45,90,0,0,2,0,6001 Dodge St,United States of America,Omaha,NE,68182,9,41.25789,-96.01074
American Family Problems: 2016-17,633,5,6,Service Learning Academy,Fall,1,3,6,120,0,0,0,0,2,0,6001 Dodge St,United States of America,Omaha,NE,68182,9,41.25789,-96.01074
American Government: 2016-17,632,5,6,Service Learning Academy,Fall,1,3,38,760,0,0,0,0,2,0,6001 Dodge St,United States of America,Omaha,NE,68182,9,41.25789,-96.01074
Beveridge Community Garden: 2016-17,617,5,6,Service Learning Academy,Fall,1,3,22,38,21,105,0,0,2,0,6001 Dodge St,United States of America,Omaha,NE,68182,9,41.25789,-96.01074
Biology: 2016-17,615,5,6,Service Learning Academy,Fall,1,3,15,300,0,0,0,0,2,0,6001 Dodge St,United States of America,Omaha,NE,68182,9,41.25789,-96.01074
Black Resistance: 2016-17,611,5,6,Service Learning Academy,Spring,1,3,25,25,51,76,0,0,2,0,6001 Dodge St,United States of America,Omaha,NE,68182,9,41.25789,-96.01074
Black Studies: 2016-17,610,5,6,Service Learning Academy,Fall,1,3,29,580,0,0,0,0,2,0,6001 Dodge St,United States of America,Omaha,NE,68182,9,41.25789,-96.01074
Boys Town Ethics: 2016-17,609,5,6,Service Learning Academy,Spring,1,3,8,116,16,128,0,0,2,0,6001 Dodge St,United States of America,Omaha,NE,68182,9,41.25789,-96.01074
Burke Gardens: 2016-17,606,5,6,Service Learning Academy,Spring,1,2,5,30,8,40,0,0,2,0,6001 Dodge St,United States of America,Omaha,NE,68182,9,41.25789,-96.01074
CADRE: 2016-17,605,5,6,Service Learning Academy,Summer,1,2,29,580,0,0,0,0,2,0,6001 Dodge St,United States of America,Omaha,NE,68182,9,41.25789,-96.01074
Capstone MIS: 2016-17,603,5,6,Service Learning Academy,Spring,1,2,23,460,0,0,0,0,2,0,6001 Dodge St,United States of America,Omaha,NE,68182,9,41.25789,-96.01074
Child Welfare: 2016-17,600,5,6,Service Learning Academy,Fall,1,2,21,420,0,0,0,0,2,0,6001 Dodge St,United States of America,Omaha,NE,68182,9,41.25789,-96.01074
Children's Literature: 2016-17,595,5,6,Service Learning Academy,Fall,1,2,22,440,0,0,0,0,2,0,6001 Dodge St,United States of America,Omaha,NE,68182,9,41.25789,-96.01074
Children's Literature at the Library: 2016-17,594,5,6,Service Learning Academy,Fall,1,2,23,460,0,0,0,0,2,0,6001 Dodge St,United States of America,Omaha,NE,68182,9,41.25789,-96.01074
Circle of Friends: 2016-17,593,5,6,Service Learning Academy,Fall,1,2,20,70,17,17,0,0,2,0,6001 Dodge St,United States of America,Omaha,NE,68182,9,41.25789,-96.01074
City Sprouts Cookbook: 2016-17,592,5,6,Service Learning Academy,Fall,1,2,18,180,10,85,0,0,2,0,6001 Dodge St,United States of America,Omaha,NE,68182,9,41.25789,-96.01074
College Prep & Family Learning: 2016-17 (001),560,5,6,Service Learning Academy,Fall,1,2,23,483,0,0,0,0,2,0,6001 Dodge St,United States of America,Omaha,NE,68182,9,41.25789,-96.01074
College Prep & Family Learning: 2016-17 (002),559,5,6,Service Learning Academy,Spring,1,2,23,517,34,0,0,0,2,0,6001 Dodge St,United States of America,Omaha,NE,68182,9,41.25789,-96.01074
Communication & Leadership: 2016-17,555,5,6,Service Learning Academy,Fall,1,2,42,252,30,52,0,0,2,0,6001 Dodge St,United States of America,Omaha,NE,68182,9,41.25789,-96.01074
Completely PAWS: 2016-17 (002),546,5,6,Service Learning Academy,Fall,1,2,4,136,4,16,0,0,2,0,6001 Dodge St,United States of America,Omaha,NE,68182,9,41.25789,-96.01074
Composition: 2016-17,545,5,6,Service Learning Academy,Spring,1,2,19,380,0,0,0,0,2,0,6001 Dodge St,United States of America,Omaha,NE,68182,9,41.25789,-96.01074
Cultural Narratives: 2016-17,542,5,6,Service Learning Academy,Spring,1,2,6,52,35,175,0,0,2,0,6001 Dodge St,United States of America,Omaha,NE,68182,9,41.25789,-96.01074
Del Bharath class: 2016-17,539,5,6,Service Learning Academy,Spring,1,2,18,360,0,0,0,0,2,0,6001 Dodge St,United States of America,Omaha,NE,68182,9,41.25789,-96.01074
Dialoguing in Today's World: 2016-17,537,5,6,Service Learning Academy,Summer,1,2,20,600,35,280,0,0,2,0,6001 Dodge St,United States of America,Omaha,NE,68182,9,41.25789,-96.01074
Digital and Social Media Responsibility: 2016-17,536,5,6,Service Learning Academy,Summer,2,2,10,40,20,0,0,0,2,0,6001 Dodge St,United States of America,Omaha,NE,68182,9,41.25789,-96.01074
Drawing: 2016-17,533,5,6,Service Learning Academy,Fall,2,2,15,300,0,0,0,0,2,0,6001 Dodge St,United States of America,Omaha,NE,68182,9,41.25789,-96.01074
Drill Meet: 2016-17,530,5,6,Service Learning Academy,Spring,2,2,0,0,0,0,0,0,2,0,6001 Dodge St,United States of America,Omaha,NE,68182,9,41.25789,-96.01074
Editing Principles Art: 2016-17 (001),528,5,6,Service Learning Academy,Spring,2,2,6,60,38,266,0,0,2,0,6001 Dodge St,United States of America,Omaha,NE,68182,9,41.25789,-96.01074
Editing Principles Art: 2016-17 (002),527,5,6,Service Learning Academy,Fall,2,2,11,55,38,342,0,0,2,0,6001 Dodge St,United States of America,Omaha,NE,68182,9,41.25789,-96.01074
Ethnic Diversity Language Book: 2016-17,521,5,6,Service Learning Academy,Fall,2,2,3,39,12,126,0,0,2,0,6001 Dodge St,United States of America,Omaha,NE,68182,9,41.25789,-96.01074
Etiquette through Music: 2016-17,520,5,6,Service Learning Academy,Spring,2,2,8,130,12,6,0,0,2,0,6001 Dodge St,United States of America,Omaha,NE,68182,9,41.25789,-96.01074
Fall Festival: 2016-17,514,5,6,Service Learning Academy,Fall,2,2,20,371,0,0,0,0,2,0,6001 Dodge St,United States of America,Omaha,NE,68182,9,41.25789,-96.01074
Family Centered Partnerships: 2016-17,512,5,6,Service Learning Academy,Spring,2,2,29,580,0,0,0,0,2,0,6001 Dodge St,United States of America,Omaha,NE,68182,9,41.25789,-96.01074
Chemistry Water Testing: 2017-18,601,5,6,Service Learning Academy,Fall,2,2,3,3,19,28,0,0,2,0,6001 Dodge St,United States of America,Omaha,NE,68182,9,41.25789,-96.01074
Data Visualization: 2017-18,540,5,6,Service Learning Academy,Fall,2,2,21,1071,0,0,0,0,2,0,6001 Dodge St,United States of America,Omaha,NE,68182,9,41.25789,-96.01074
Etiquette Through Music: 2017-18,519,5,6,Service Learning Academy,Spring,2,2,11,220,12,132,0,0,2,0,6001 Dodge St,United States of America,Omaha,NE,68182,9,41.25789,-96.01074
Connections Through Music: 2017-18,544,5,6,Service Learning Academy,Fall,2,2,4,32,23,46,0,0,2,0,6001 Dodge St,United States of America,Omaha,NE,68182,9,41.25789,-96.01074
Early Childhood Assessment: 2017-18,529,5,6,Service Learning Academy,Fall,2,2,7,210,0,0,0,0,2,0,6001 Dodge St,United States of America,Omaha,NE,68182,9,41.25789,-96.01074
Completely Kids:  2017-18,550,5,6,Service Learning Academy,Fall,2,2,4,232,12,12,0,0,2,0,6001 Dodge St,United States of America,Omaha,NE,68182,9,41.25789,-96.01074
Completely Kids: 2017-18,549,5,6,Service Learning Academy,Spring,3,3,8,302,0,0,0,0,2,0,6001 Dodge St,United States of America,Omaha,NE,68182,9,41.25789,-96.01074
Down Syndrome Alliance: 2017-18,535,5,6,Service Learning Academy,Fall,3,3,7,455,21,21,0,0,2,0,6001 Dodge St,United States of America,Omaha,NE,68182,9,41.25789,-96.01074
Alliance for a Better Omaha: 2017-18 (001),635,5,6,Service Learning Academy,Fall,3,3,5,200,0,0,0,0,2,0,6001 Dodge St,United States of America,Omaha,NE,68182,9,41.25789,-96.01074
Alliance for a Better Omaha: 2017-18 (002),634,5,6,Service Learning Academy,Spring,3,3,6,226,0,0,0,0,2,0,6001 Dodge St,United States of America,Omaha,NE,68182,9,41.25789,-96.01074
Autobiographical Reading and writing: 2017-18,628,5,6,Service Learning Academy,Fall,3,3,14,140,0,0,0,0,2,0,6001 Dodge St,United States of America,Omaha,NE,68182,9,41.25789,-96.01074
Children's Literature: 2017-18 (004),596,5,6,Service Learning Academy,Summer,3,3,21,31,0,0,0,0,2,0,6001 Dodge St,United States of America,Omaha,NE,68182,9,41.25789,-96.01074
Agile Development Methods: 2017-18,636,5,6,Service Learning Academy,Spring,3,3,9,135,0,0,0,0,2,0,6001 Dodge St,United States of America,Omaha,NE,68182,9,41.25789,-96.01074
College Prep and Family Learning: 2017-18 (001),558,5,6,Service Learning Academy,Fall,3,3,24,768,29,188,0,0,2,0,6001 Dodge St,United States of America,Omaha,NE,68182,9,41.25789,-96.01074
Ethnic Diversity Class (Completely KIDS: 2017-18,523,5,6,Service Learning Academy,Spring,3,3,4,72,12,12,0,0,2,0,6001 Dodge St,United States of America,Omaha,NE,68182,9,41.25789,-96.01074
Ethnic Diversity Class (Girls Inc): 2017-18,522,5,6,Service Learning Academy,Spring,3,3,4,72,12,12,0,0,2,0,6001 Dodge St,United States of America,Omaha,NE,68182,9,41.25789,-96.01074
evolve: 2017-18,718,5,6,Service Learning Academy,Spring,3,3,53,583,18,234,0,0,2,0,6001 Dodge St,United States of America,Omaha,NE,68182,9,41.25789,-96.01074
Black Experience in American Politics: 2017-18 (001),614,5,6,Service Learning Academy,Fall,3,3,25,56,15,18,0,0,2,0,6001 Dodge St,United States of America,Omaha,NE,68182,9,41.25789,-96.01074
Black Experience in American Politics: 2017-18 (002),613,5,6,Service Learning Academy,Spring,3,3,15,45,13,13,0,0,2,0,6001 Dodge St,United States of America,Omaha,NE,68182,9,41.25789,-96.01074
College Prep Family Learning: 2017-18,556,5,6,Service Learning Academy,Spring,3,3,23,356,31,403,0,0,2,0,6001 Dodge St,United States of America,Omaha,NE,68182,9,41.25789,-96.01074
Communication and K2 Awareness: 2017-18,554,5,6,Service Learning Academy,Fall,3,3,19,142,23,109,0,0,2,0,6001 Dodge St,United States of America,Omaha,NE,68182,9,41.25789,-96.01074
Behavior Analysis and Intervention: 2017-18,621,5,6,Service Learning Academy,Fall,3,3,7,175,0,0,0,0,2,0,6001 Dodge St,United States of America,Omaha,NE,68182,9,41.25789,-96.01074
Capstone Management Information Systems and Quantitative Analysis: 2017-18,604,5,6,Service Learning Academy,Spring,3,3,12,180,0,0,0,0,2,0,6001 Dodge St,United States of America,Omaha,NE,68182,9,41.25789,-96.01074
Elementary Spanish Club I: 2017-18,525,5,6,Service Learning Academy,Fall,3,3,27,324,0,0,0,0,2,0,6001 Dodge St,United States of America,Omaha,NE,68182,9,41.25789,-96.01074
Advanced Spanish Club Conversation: 2017-18,637,5,6,Service Learning Academy,Fall,3,3,21,420,0,0,0,0,2,0,6001 Dodge St,United States of America,Omaha,NE,68182,9,41.25789,-96.01074
Elementary Printmaking: 2017-18,526,5,6,Service Learning Academy,Spring,3,3,16,96,0,0,0,0,2,0,6001 Dodge St,United States of America,Omaha,NE,68182,9,41.25789,-96.01074
Admin Social Welfare Agencies: 2017-18,642,5,6,Service Learning Academy,Spring,3,3,15,225,0,0,0,0,2,0,6001 Dodge St,United States of America,Omaha,NE,68182,9,41.25789,-96.01074
Boystown Ethics: 2017-18,608,5,6,Service Learning Academy,Spring,3,3,13,221,17,170,0,0,2,0,6001 Dodge St,United States of America,Omaha,NE,68182,9,41.25789,-96.01074
Children's Literature: 2017-18 (001),599,5,6,Service Learning Academy,Fall,3,3,27,67,0,0,0,0,2,0,6001 Dodge St,United States of America,Omaha,NE,68182,9,41.25789,-96.01074
Evaluation of Social Programs: 2017-18,517,5,5,Service Learning Academy,Spring,3,3,23,3565,0,0,0,0,2,0,6001 Dodge St,United States of America,Omaha,NE,68182,9,41.25789,-96.01074
Fall Festival: 2017-18,513,5,5,Service Learning Academy,Fall,3,3,14,252,0,0,0,0,2,0,6001 Dodge St,United States of America,Omaha,NE,68182,9,41.25789,-96.01074
Environmental Warriors: 2017-18,524,5,5,Service Learning Academy,Spring,3,3,15,225,15,120,0,0,2,0,6001 Dodge St,United States of America,Omaha,NE,68182,9,41.25789,-96.01074
College Prep and Family Learning: 2017-18 (002),557,5,5,Service Learning Academy,Spring,3,3,25,800,28,210,0,0,2,0,6001 Dodge St,United States of America,Omaha,NE,68182,9,41.25789,-96.01074
Belle RyanRain Garden: 2017-18,620,5,5,Service Learning Academy,Spring,3,3,12,51,27,67,0,0,2,0,6001 Dodge St,United States of America,Omaha,NE,68182,9,41.25789,-96.01074
Drill Meet: 2017-18,531,5,5,Service Learning Academy,Fall,3,3,10,105,83,61,0,0,2,0,6001 Dodge St,United States of America,Omaha,NE,68182,9,41.25789,-96.01074
Dreaming Big 1: 2017-18,532,5,5,Service Learning Academy,Spring,3,3,8,88,0,0,0,0,2,0,6001 Dodge St,United States of America,Omaha,NE,68182,9,41.25789,-96.01074
Culturally ResponsiveÂ Teaching: 2017-18,541,5,5,Service Learning Academy,Summer,3,3,35,350,10,0,0,0,2,0,6001 Dodge St,United States of America,Omaha,NE,68182,9,41.25789,-96.01074
Adopt a Classroom: 2017-18 (001),641,5,5,Service Learning Academy,Fall,3,3,15,67,45,67,0,0,2,0,6001 Dodge St,United States of America,Omaha,NE,68182,9,41.25789,-96.01074
Adopt a Classroom: 2017-18 (002),640,5,5,Service Learning Academy,Spring,3,3,15,60,37,74,0,0,2,0,6001 Dodge St,United States of America,Omaha,NE,68182,9,41.25789,-96.01074
Applied Music Lab Recital: 2017-18,629,5,5,Service Learning Academy,Spring,3,3,71,1065,0,0,0,0,2,0,6001 Dodge St,United States of America,Omaha,NE,68182,9,41.25789,-96.01074
Children's Literature: 2017-18 (002),598,5,5,Service Learning Academy,Fall,3,3,21,315,0,0,0,0,2,0,6001 Dodge St,United States of America,Omaha,NE,68182,9,41.25789,-96.01074
Children's Literature: 2017-18 (003),597,5,5,Service Learning Academy,Spring,3,3,26,390,0,0,0,0,2,0,6001 Dodge St,United States of America,Omaha,NE,68182,9,41.25789,-96.01074
A Reading with Lisa Knopp and Anna Redsand: 2016-17,643,1,5,Community Engagement Center,Spring,1,1,0,0,0,0,0,119,2,0,6001 Dodge St,United States of America,Omaha,NE,68182,9,41.25789,-96.01074
Beneath the Surface: Technical Art History and the Portrait of Andrea de Franceschi: 2017-18,740,1,5,Barbara Weitz Community Engagement Center (CEC),Fall,3,3,0,0,0,0,0,0,2,0,"6400 South, University Drive Road North",United States,Omaha,NE,68182,9,41.2578914,-96.01074
Collaborative Program Manager: 2016-17 (001),580,3,4,Office of Civic and Social Responsibility,Fall,1,1,1,167,0,0,0,0,2,0,6001 Dodge St,United States of America,Omaha,NE,68182,9,41.25789,-96.01074
Collaborative Program Manager: 2016-17 (002),579,3,4,Office of Civic and Social Responsibility,Fall,1,1,1,56,0,0,0,0,2,0,6001 Dodge St,United States of America,Omaha,NE,68182,9,41.25789,-96.01074
Collaborative Program Manager: 2016-17 (004),577,3,4,Office of Civic and Social Responsibility,Fall,1,1,1,234,0,0,0,0,2,0,6001 Dodge St,United States of America,Omaha,NE,68182,9,41.25789,-96.01074
Collaborative Program Manager: 2016-17 (005),576,3,4,Office of Civic and Social Responsibility,Fall,1,1,1,150,0,0,0,0,2,0,6001 Dodge St,United States of America,Omaha,NE,68182,9,41.25789,-96.01074
Collaborative Program Manager: 2016-17 (006),575,3,4,Office of Civic and Social Responsibility,Spring,1,1,1,102,0,0,0,0,2,0,6001 Dodge St,United States of America,Omaha,NE,68182,9,41.25789,-96.01074
Collaborative Program Manager: 2016-17 (007),574,3,4,Office of Civic and Social Responsibility,Fall,1,1,1,241,0,0,0,0,2,0,6001 Dodge St,United States of America,Omaha,NE,68182,9,41.25789,-96.01074
Collaborative Program Manager: 2016-17 (008),573,3,4,Office of Civic and Social Responsibility,Spring,1,1,1,123,0,0,0,0,2,0,6001 Dodge St,United States of America,Omaha,NE,68182,9,41.25789,-96.01074
Collaborative Program Manager: 2016-17 (009),572,3,4,Office of Civic and Social Responsibility,Fall,1,1,1,145,0,0,0,0,2,0,6001 Dodge St,United States of America,Omaha,NE,68182,9,41.25789,-96.01074
Collaborative Service Supervisor: 2016-17 (001),564,3,4,Office of Civic and Social Responsibility,Fall,1,1,1,153,0,0,0,0,2,0,6001 Dodge St,United States of America,Omaha,NE,68182,9,41.25789,-96.01074
Collaborative Service Supervisor: 2016-17 (002),563,3,4,Office of Civic and Social Responsibility,Fall,1,1,1,142,0,0,0,0,2,0,6001 Dodge St,United States of America,Omaha,NE,68182,9,41.25789,-96.01074
Collaborative Service Supervisor: 2016-17 (003),562,3,4,Office of Civic and Social Responsibility,Fall,1,1,1,314,0,0,0,0,2,0,6001 Dodge St,United States of America,Omaha,NE,68182,9,41.25789,-96.01074
Collaborative Service Supervisor: 2016-17 (004),561,3,4,Office of Civic and Social Responsibility,Fall,1,1,1,300,0,0,0,0,2,0,6001 Dodge St,United States of America,Omaha,NE,68182,9,41.25789,-96.01074
Collaborative Program Manager: 2017-18 (001),591,3,4,Office of Civic and Social Responsibility,Fall,3,3,1,0,0,0,0,0,2,0,6001 Dodge St,United States of America,Omaha,NE,68182,9,41.25789,-96.01074
Collaborative Program Manager: 2017-18 (002),590,3,4,Office of Civic and Social Responsibility,Fall,3,3,1,0,0,0,0,0,2,0,6001 Dodge St,United States of America,Omaha,NE,68182,9,41.25789,-96.01074
Collaborative Program Manager: 2017-18 (003),589,3,4,Office of Civic and Social Responsibility,Fall,3,3,1,0,0,0,0,0,2,0,6001 Dodge St,United States of America,Omaha,NE,68182,9,41.25789,-96.01074
Collaborative Program Manager: 2017-18 (004),588,3,4,Office of Civic and Social Responsibility,Spring,3,3,1,0,0,0,0,0,2,0,6001 Dodge St,United States of America,Omaha,NE,68182,9,41.25789,-96.01074
Collaborative Program Manager: 2017-18 (005),587,3,4,Office of Civic and Social Responsibility,Spring,3,3,1,0,0,0,0,0,2,0,6001 Dodge St,United States of America,Omaha,NE,68182,9,41.25789,-96.01074
Collaborative Program Manager: 2017-18 (006),586,3,4,Office of Civic and Social Responsibility,Fall,3,3,1,0,0,0,0,0,2,0,6001 Dodge St,United States of America,Omaha,NE,68182,9,41.25789,-96.01074
Collaborative Program Manager: 2017-18 (007),585,3,4,Office of Civic and Social Responsibility,Spring,3,3,1,0,0,0,0,0,2,0,6001 Dodge St,United States of America,Omaha,NE,68182,9,41.25789,-96.01074
Collaborative Program Manager: 2017-18 (008),584,3,4,Office of Civic and Social Responsibility,Fall,3,3,1,0,0,0,0,0,2,0,6001 Dodge St,United States of America,Omaha,NE,68182,9,41.25789,-96.01074
Collaborative Program Manager: 2017-18 (009),583,3,4,Office of Civic and Social Responsibility,Fall,3,3,1,0,0,0,0,0,2,0,6001 Dodge St,United States of America,Omaha,NE,68182,9,41.25789,-96.01074
Collaborative Program Manager: 2017-18 (010),582,3,4,Office of Civic and Social Responsibility,Fall,3,3,1,0,0,0,0,0,2,0,6001 Dodge St,United States of America,Omaha,NE,68182,9,41.25789,-96.01074
Collaborative Program Manager: 2017-18 (011),581,3,4,Office of Civic and Social Responsibility,Fall,3,3,1,0,0,0,0,0,2,0,6001 Dodge St,United States of America,Omaha,NE,68182,9,41.25789,-96.01074
Collaborative Service Supervisor: 2017-18 (001),571,3,4,Office of Civic and Social Responsibility,Fall,3,3,1,0,0,0,0,0,2,0,6001 Dodge St,United States of America,Omaha,NE,68182,9,41.25789,-96.01074
Collaborative Service Supervisor: 2017-18 (002),570,3,4,Office of Civic and Social Responsibility,Fall,3,3,1,0,0,0,0,0,2,0,6001 Dodge St,United States of America,Omaha,NE,68182,9,41.25789,-96.01074
Collaborative Service Supervisor: 2017-18 (003),569,3,4,Office of Civic and Social Responsibility,Fall,3,3,1,0,0,0,0,0,2,0,6001 Dodge St,United States of America,Omaha,NE,68182,9,41.25789,-96.01074
Collaborative Service Supervisor: 2017-18 (004),568,3,4,Office of Civic and Social Responsibility,Fall,3,3,1,0,0,0,0,0,2,0,6001 Dodge St,United States of America,Omaha,NE,68182,9,41.25789,-96.01074
Collaborative Service Supervisor: 2017-18 (005),567,3,4,Office of Civic and Social Responsibility,Fall,3,3,1,0,0,0,0,0,2,0,6001 Dodge St,United States of America,Omaha,NE,68182,9,41.25789,-96.01074
Collaborative Service Supervisor: 2017-18 (006),566,3,4,Office of Civic and Social Responsibility,Fall,3,3,1,0,0,0,0,0,2,0,6001 Dodge St,United States of America,Omaha,NE,68182,9,41.25789,-96.01074
Collaborative Service Supervisor: 2017-18 (007),565,3,4,Office of Civic and Social Responsibility,Fall,3,3,1,0,0,0,0,0,2,0,6001 Dodge St,United States of America,Omaha,NE,68182,9,41.25789,-96.01074
Better Together Evaluation: 2016-17,619,1,3,Support and Training for the Evaluation of Programs,Fall,2,2,0,0,0,0,0,0,2,0,6001 Dodge St,United States of America,Omaha,NE,68182,9,41.25789,-96.01074
Career Connectors Pilot Program Evaluation: 2016-17,602,1,3,Support and Training for the Evaluation of Programs,Fall,2,2,0,0,0,0,0,0,2,0,6001 Dodge St,United States of America,Omaha,NE,68182,9,41.25789,-96.01074
Evaluation Consultation: 2016-17,518,1,3,Support and Training for the Evaluation of Programs,Spring,2,2,0,0,0,0,0,0,2,0,6001 Dodge St,United States of America,Omaha,NE,68182,9,41.25789,-96.01074
Extended Evaluation: 2016-17,515,1,3,Support and Training for the Evaluation of Programs,Fall,2,2,0,0,0,0,0,0,2,0,6001 Dodge St,United States of America,Omaha,NE,68182,9,41.25789,-96.01074
60 Minutes of Service - 9/21/2016: 2016-17,656,2,2,Office of Civic and Social Responsibility,Fall,1,1,31,28,0,0,1,1,2,0,6001 Dodge St,United States of America,Omaha,NE,68182,9,41.25789,-96.01074
60 Minutes of Service - 2/1/2017: 2016-17,664,2,2,Office of Civic and Social Responsibility,Spring,1,1,28,27,0,0,1,1,2,0,6001 Dodge St,United States of America,Omaha,NE,68182,9,41.25789,-96.01074
60 Minutes of Service - 10/26/2016: 2016-17,669,2,2,Office of Civic and Social Responsibility,Fall,1,1,30,33,0,0,1,1,2,0,6001 Dodge St,United States of America,Omaha,NE,68182,9,41.25789,-96.01074
60 Minutes of Service - 11/2/2016: 2016-17,666,2,2,Office of Civic and Social Responsibility,Fall,1,1,43,44,0,0,1,1,2,0,6001 Dodge St,United States of America,Omaha,NE,68182,9,41.25789,-96.01074
60 Minutes of Service - 10/19/2016: 2016-17,670,2,2,Office of Civic and Social Responsibility,Fall,1,1,24,22,0,0,1,1,2,0,6001 Dodge St,United States of America,Omaha,NE,68182,9,41.25789,-96.01074
60 Minutes of Service - 9/28/2016: 2016-17,655,2,2,Office of Civic and Social Responsibility,Fall,1,1,33,30,0,0,2,1,2,0,6001 Dodge St,United States of America,Omaha,NE,68182,9,41.25789,-96.01074
60 Minutes of Service - 3/1/2017: 2016-17,662,2,2,Office of Civic and Social Responsibility,Spring,1,1,28,28,0,0,1,1,2,0,6001 Dodge St,United States of America,Omaha,NE,68182,9,41.25789,-96.01074
60 Minutes of Service - 9/14/2016: 2016-17,657,2,2,Office of Civic and Social Responsibility,Fall,1,1,46,42,0,0,1,1,2,0,6001 Dodge St,United States of America,Omaha,NE,68182,9,41.25789,-96.01074
9/11 Remembrance Day of Service - 9/11/2016: 2016-17,646,2,2,Office of Civic and Social Responsibility,Fall,1,1,44,120,0,0,3,8,2,0,6001 Dodge St,United States of America,Omaha,NE,68182,9,41.25789,-96.01074
60 Minutes of Service - 4/5/2017: 2016-17,659,2,2,Office of Civic and Social Responsibility,Spring,1,1,40,38,0,0,1,1,2,0,6001 Dodge St,United States of America,Omaha,NE,68182,9,41.25789,-96.01074
60 Minutes of Service - 8/31/2016: 2016-17,658,2,2,Office of Civic and Social Responsibility,Fall,1,1,40,37,0,0,1,1,2,0,6001 Dodge St,United States of America,Omaha,NE,68182,9,41.25789,-96.01074
60 Minutes of Service - 10/4/17: 2017-18,668,2,2,Office of Civic and Social Responsibility,Fall,2,2,32,0,0,0,2,1,2,0,6001 Dodge St,United States of America,Omaha,NE,68182,9,41.25789,-96.01074
60 Minutes of Service - 3/7/18: 2017-18,661,2,2,Office of Civic and Social Responsibility,Spring,2,2,10,0,0,0,3,2,2,0,6001 Dodge St,United States of America,Omaha,NE,68182,9,41.25789,-96.01074
60 Minutes of Service - 9/6/17: 2017-18,654,2,2,Office of Civic and Social Responsibility,Fall,2,2,23,0,0,0,2,1,2,0,6001 Dodge St,United States of America,Omaha,NE,68182,9,41.25789,-96.01074
60 Minutes of Service - 2/7/18: 2017-18,663,2,2,Office of Civic and Social Responsibility,Spring,2,2,25,0,0,0,3,4,2,0,6001 Dodge St,United States of America,Omaha,NE,68182,9,41.25789,-96.01074
9/11 Remembrance Day - 9/9/17: 2017-18 (005),648,2,2,Office of Civic and Social Responsibility,Fall,3,3,2,0,25,0,0,1,2,0,6001 Dodge St,United States of America,Omaha,NE,68182,9,41.25789,-96.01074
9/11 Remembrance Day - 9/9/17: 2017-18 (006),647,2,2,Office of Civic and Social Responsibility,Fall,3,3,17,0,0,0,0,0,2,0,6001 Dodge St,United States of America,Omaha,NE,68182,9,41.25789,-96.01074
9/11 Remembrance Day - 9/9/17: 2017-18 (002),651,2,2,Office of Civic and Social Responsibility,Fall,3,3,8,0,1,0,0,1,2,0,6001 Dodge St,United States of America,Omaha,NE,68182,9,41.25789,-96.01074
9/11 Remembrance Day - 9/9/17: 2017-18 (001),652,2,2,Office of Civic and Social Responsibility,Fall,3,3,3,0,0,0,0,0,2,0,6001 Dodge St,United States of America,Omaha,NE,68182,9,41.25789,-96.01074
9/11 Remembrance Day - 9/9/17: 2017-18 (004),649,2,2,Office of Civic and Social Responsibility,Fall,3,3,14,0,0,0,1,0,2,0,6001 Dodge St,United States of America,Omaha,NE,68182,9,41.25789,-96.01074
9/11 Remembrance Day - 9/9/17: 2017-18 (003),650,2,2,Office of Civic and Social Responsibility,Fall,3,3,18,0,1,0,0,0,2,0,6001 Dodge St,United States of America,Omaha,NE,68182,9,41.25789,-96.01074
60 Minutes of Service - 11/1/17: 2017-18,667,2,2,Office of Civic and Social Responsibility,Fall,3,3,22,0,0,0,1,2,2,0,6001 Dodge St,United States of America,Omaha,NE,68182,9,41.25789,-96.01074
Expert Media Tips: 2016-17,516,1,1,Community Engagement Center,Spring,1,1,0,0,0,0,0,15,2,0,6001 Dodge St,United States of America,Omaha,NE,68182,9,41.25789,-96.01074
A Reading and Workshop: Featuring Graham Foust and Geoffrey Nutter: 2016-17,645,1,1,Community Engagement Center,Fall,1,1,0,0,0,0,0,80,2,0,"6400 South, University Drive Road North",United States of America,Omaha,NE,68182,9,41.25789,-96.01074
Create the Best Volunteer Experience: 2016-17,543,1,1,Community Engagement Center,Fall,1,1,0,0,0,0,0,7,2,0,6001 Dodge St,United States of America,Omaha,NE,68182,9,41.25789,-96.01074
"How to Get a Job in Sustainability: Building a Leadership Career in Business, NGOs and Government: 2016-17",732,1,1,Barbara Weitz Community Engagement Center (CEC),Spring,1,1,0,0,0,0,0,0,2,0,"6400 South, University Drive Road North",United States,Omaha,NE,68182,9,41.2578914,-96.01074
Bill Anderson Fund Workshop: 2016-17,616,1,1,Community Engagement Center,Spring,1,1,0,0,0,0,0,29,2,0,6001 Dodge St,United States of America,Omaha,NE,68182,9,41.25789,-96.01074
2nd Annual UNO Bureau of Indian Affairs (BIA) Workshop: 2016-17,671,1,1,Community Engagement Center,Fall,1,1,0,0,0,0,0,100,2,0,6001 Dodge St,United States of America,Omaha,NE,68182,9,41.25789,-96.01074
